{"project":"ITSM","baseline":{"frozen_at":"2026-07-22T07:34:16.145848+00:00","ftr_pct":64.33333333333333,"escalation_pct":37.61904761904762,"reopen_pct":3.3333333333333335,"sla_pct":84.33333333333333,"response_pct":82.06388206388206,"aged_14d":106}}