{"project":"OPS","baseline":{"frozen_at":"2026-07-22T07:34:16.145848+00:00","ftr_pct":61.95965417867435,"escalation_pct":40.66985645933014,"reopen_pct":4.322766570605188,"sla_pct":78.81136950904393,"response_pct":96.56862745098039,"aged_14d":60}}